CREATE DATABASE `powerauth`;

CREATE USER 'powerauth'@'%';

GRANT ALL PRIVILEGES ON powerauth.* TO 'powerauth'@'%';

FLUSH PRIVILEGES;

USE powerauth;

-- Table oauth_client_details stores details about OAuth2 client applications.
-- Every Web Flow client application should have a record in this table.
-- See: https://github.com/spring-projects/spring-security-oauth/blob/master/spring-security-oauth2/src/main/java/org/springframework/security/oauth2/provider/client/JdbcClientDetailsService.java
CREATE TABLE oauth_client_details (
  client_id               VARCHAR(256) PRIMARY KEY,
  resource_ids            VARCHAR(256),
  client_secret           VARCHAR(256),
  scope                   VARCHAR(256),
  authorized_grant_types  VARCHAR(256),
  web_server_redirect_uri VARCHAR(256),
  authorities             VARCHAR(256),
  access_token_validity   INTEGER,
  refresh_token_validity  INTEGER,
  additional_information  VARCHAR(4096),
  autoapprove             VARCHAR(256)
) CHARACTER SET utf8mb4 COLLATE utf8mb4_unicode_ci;

-- Table oauth_client_token stores OAuth2 tokens for retrieval by client applications.
-- See: https://docs.spring.io/spring-security/oauth/apidocs/org/springframework/security/oauth2/client/token/JdbcClientTokenServices.html
CREATE TABLE oauth_client_token (
  authentication_id VARCHAR(256) PRIMARY KEY,
  token_id          VARCHAR(256),
  token             LONG VARBINARY,
  user_name         VARCHAR(256),
  client_id         VARCHAR(256)
) CHARACTER SET utf8mb4 COLLATE utf8mb4_unicode_ci;

-- Table oauth_access_token stores OAuth2 access tokens.
-- See: https://github.com/spring-projects/spring-security-oauth/blob/master/spring-security-oauth2/src/main/java/org/springframework/security/oauth2/provider/token/store/JdbcTokenStore.java
CREATE TABLE oauth_access_token (
  authentication_id VARCHAR(256) PRIMARY KEY,
  token_id          VARCHAR(256),
  token             LONG VARBINARY,
  user_name         VARCHAR(256),
  client_id         VARCHAR(256),
  authentication    LONG VARBINARY,
  refresh_token     VARCHAR(256)
) CHARACTER SET utf8mb4 COLLATE utf8mb4_unicode_ci;

-- Table oauth_access_token stores OAuth2 refresh tokens.
-- See: https://github.com/spring-projects/spring-security-oauth/blob/master/spring-security-oauth2/src/main/java/org/springframework/security/oauth2/provider/token/store/JdbcTokenStore.java
CREATE TABLE oauth_refresh_token (
  token_id       VARCHAR(256),
  token          LONG VARBINARY,
  authentication LONG VARBINARY
) CHARACTER SET utf8mb4 COLLATE utf8mb4_unicode_ci;

-- Table oauth_code stores data for the OAuth2 authorization code grant.
-- See: https://github.com/spring-projects/spring-security-oauth/blob/master/spring-security-oauth2/src/main/java/org/springframework/security/oauth2/provider/code/JdbcAuthorizationCodeServices.java
CREATE TABLE oauth_code (
  code           VARCHAR(255),
  authentication LONG VARBINARY
) CHARACTER SET utf8mb4 COLLATE utf8mb4_unicode_ci;

-- Table ns_auth_method stores configuration of authentication methods.
-- Data in this table needs to be loaded before Web Flow is started.
CREATE TABLE ns_auth_method (
  auth_method        VARCHAR(32) PRIMARY KEY NOT NULL,
  order_number       INTEGER NOT NULL,
  check_user_prefs   BOOLEAN NOT NULL,
  user_prefs_column  INTEGER,
  user_prefs_default BOOLEAN DEFAULT FALSE,
  check_auth_fails   BOOLEAN NOT NULL,
  max_auth_fails     INTEGER,
  has_user_interface BOOLEAN DEFAULT FALSE,
  has_mobile_token   BOOLEAN DEFAULT FALSE,
  display_name_key   VARCHAR(32)
) CHARACTER SET utf8mb4 COLLATE utf8mb4_unicode_ci;

-- Table ns_user_prefs stores user preferences.
-- Status of authentication methods is stored in this table per user (methods can be enabled or disabled).
CREATE TABLE ns_user_prefs (
  user_id       VARCHAR(256) PRIMARY KEY NOT NULL,
  auth_method_1 BOOLEAN DEFAULT FALSE,
  auth_method_2 BOOLEAN DEFAULT FALSE,
  auth_method_3 BOOLEAN DEFAULT FALSE,
  auth_method_4 BOOLEAN DEFAULT FALSE,
  auth_method_5 BOOLEAN DEFAULT FALSE,
  auth_method_1_config VARCHAR(256),
  auth_method_2_config VARCHAR(256),
  auth_method_3_config VARCHAR(256),
  auth_method_4_config VARCHAR(256),
  auth_method_5_config VARCHAR(256)
) CHARACTER SET utf8mb4 COLLATE utf8mb4_unicode_ci;

-- Table ns_operation_config stores configuration of operations.
-- Each operation type (defined by operation_name) has a related mobile token template and configuration.
CREATE TABLE ns_operation_config (
  operation_name            VARCHAR(32) PRIMARY KEY NOT NULL,
  template_version          CHAR NOT NULL,
  template_id               INTEGER NOT NULL,
  mobile_token_enabled      BOOLEAN DEFAULT FALSE NOT NULL,
  mobile_token_mode         VARCHAR(256) NOT NULL,
  afs_enabled               BOOLEAN NOT NULL DEFAULT FALSE,
  afs_config_id             VARCHAR(256)
) CHARACTER SET utf8mb4 COLLATE utf8mb4_unicode_ci;

-- Table ns_organization stores definitions of organizations related to the operations.
-- At least one default organization must be configured.
-- Data in this table needs to be loaded before Web Flow is started.
CREATE TABLE ns_organization (
  organization_id          VARCHAR(256) PRIMARY KEY NOT NULL,
  display_name_key         VARCHAR(256),
  is_default               BOOLEAN NOT NULL,
  order_number             INTEGER NOT NULL
) CHARACTER SET utf8mb4 COLLATE utf8mb4_unicode_ci;

-- Table ns_operation stores details of Web Flow operations.
-- Only the last status is stored in this table, changes of operations are stored in table ns_operation_history.
CREATE TABLE ns_operation (
  operation_id                  VARCHAR(256) PRIMARY KEY NOT NULL,
  operation_name                VARCHAR(32) NOT NULL,
  operation_data                TEXT NOT NULL,
  operation_form_data           TEXT,
  application_id                VARCHAR(256),
  application_name              VARCHAR(256),
  application_description       VARCHAR(256),
  application_original_scopes   VARCHAR(256),
  application_extras            TEXT,
  user_id                       VARCHAR(256),
  organization_id               VARCHAR(256),
  user_account_status           VARCHAR(32),
  external_transaction_id       VARCHAR(256),
  result                        VARCHAR(32),
  timestamp_created             TIMESTAMP DEFAULT CURRENT_TIMESTAMP,
  timestamp_expires             TIMESTAMP DEFAULT CURRENT_TIMESTAMP,
  FOREIGN KEY organization_fk (organization_id) REFERENCES ns_organization (organization_id)
) CHARACTER SET utf8mb4 COLLATE utf8mb4_unicode_ci;

-- Table ns_operation_history stores all changes of operations.
CREATE TABLE ns_operation_history (
  operation_id                VARCHAR(256) NOT NULL,
  result_id                   INTEGER NOT NULL,
  request_auth_method         VARCHAR(32) NOT NULL,
  request_auth_instruments    VARCHAR(256),
  request_auth_step_result    VARCHAR(32) NOT NULL,
  request_params              VARCHAR(4096),
  response_result             VARCHAR(32) NOT NULL,
  response_result_description VARCHAR(256),
  response_steps              VARCHAR(4096),
  response_timestamp_created  TIMESTAMP DEFAULT CURRENT_TIMESTAMP,
  response_timestamp_expires  TIMESTAMP DEFAULT CURRENT_TIMESTAMP,
  chosen_auth_method          VARCHAR(32),
  mobile_token_active         BOOLEAN NOT NULL DEFAULT FALSE,
  PRIMARY KEY (operation_id, result_id),
  FOREIGN KEY operation_fk (operation_id) REFERENCES ns_operation (operation_id),
  FOREIGN KEY auth_method_fk (request_auth_method) REFERENCES ns_auth_method (auth_method)
) CHARACTER SET utf8mb4 COLLATE utf8mb4_unicode_ci;

-- Table ns_operation_afs stores AFS requests and responses.
CREATE TABLE ns_operation_afs (
  afs_action_id               INTEGER PRIMARY KEY NOT NULL AUTO_INCREMENT,
  operation_id                VARCHAR(256) NOT NULL,
  request_afs_action          VARCHAR(256) NOT NULL,
  request_step_index          INTEGER NOT NULL,
  request_afs_extras          VARCHAR(256),
  response_afs_apply          BOOLEAN NOT NULL DEFAULT FALSE,
  response_afs_label          VARCHAR(256),
  response_afs_extras         VARCHAR(256),
  timestamp_created           TIMESTAMP DEFAULT CURRENT_TIMESTAMP,
  FOREIGN KEY operation_afs_fk (operation_id) REFERENCES ns_operation (operation_id)
) CHARACTER SET utf8mb4 COLLATE utf8mb4_unicode_ci;

-- Table ns_step_definition stores definitions of authentication/authorization steps.
-- Data in this table needs to be loaded before Web Flow is started.
CREATE TABLE ns_step_definition (
  step_definition_id       INTEGER PRIMARY KEY NOT NULL,
  operation_name           VARCHAR(32) NOT NULL,
  operation_type           VARCHAR(32) NOT NULL,
  request_auth_method      VARCHAR(32),
  request_auth_step_result VARCHAR(32),
  response_priority        INTEGER NOT NULL,
  response_auth_method     VARCHAR(32),
  response_result          VARCHAR(32) NOT NULL,
  FOREIGN KEY request_auth_method_fk (request_auth_method) REFERENCES ns_auth_method (auth_method),
  FOREIGN KEY response_auth_method_fk (response_auth_method) REFERENCES ns_auth_method (auth_method)
) CHARACTER SET utf8mb4 COLLATE utf8mb4_unicode_ci;

-- Table wf_operation_session maps operations to HTTP sessions.
-- Table is needed for handling of concurrent operations.
CREATE TABLE wf_operation_session (
  operation_id              VARCHAR(256) PRIMARY KEY NOT NULL,
  http_session_id           VARCHAR(256) NOT NULL,
  operation_hash            VARCHAR(256),
  websocket_session_id      VARCHAR(32),
  client_ip_address         VARCHAR(32),
  result                    VARCHAR(32) NOT NULL,
  timestamp_created         TIMESTAMP DEFAULT CURRENT_TIMESTAMP
) CHARACTER SET utf8mb4 COLLATE utf8mb4_unicode_ci;

-- Table wf_afs_config is used to configure anti-fraud system parameters.
CREATE TABLE wf_afs_config (
  config_id                 VARCHAR(256) PRIMARY KEY NOT NULL,
  js_snippet_url            VARCHAR(256) NOT NULL,
  parameters                TEXT
) CHARACTER SET utf8mb4 COLLATE utf8mb4_unicode_ci;

-- Table wf_certificate_verification is used for storing information about verified client TLS certificates.
CREATE TABLE wf_certificate_verification (
  operation_id               VARCHAR(256) NOT NULL,
  auth_method                VARCHAR(32) NOT NULL,
  client_certificate_issuer  VARCHAR(4000) NOT NULL,
  client_certificate_subject VARCHAR(4000) NOT NULL,
  client_certificate_sn      VARCHAR(256) NOT NULL,
  operation_data             TEXT NOT NULL,
  timestamp_verified         TIMESTAMP NOT NULL DEFAULT CURRENT_TIMESTAMP,
  PRIMARY KEY (operation_id, auth_method)
) CHARACTER SET utf8mb4 COLLATE utf8mb4_unicode_ci;

-- Table da_sms_authorization stores data for SMS OTP authorization.
CREATE TABLE da_sms_authorization (
  message_id           VARCHAR(256) PRIMARY KEY NOT NULL,
  operation_id         VARCHAR(256) NOT NULL,
  user_id              VARCHAR(256) NOT NULL,
  organization_id      VARCHAR(256),
  operation_name       VARCHAR(32) NOT NULL,
  authorization_code   VARCHAR(32) NOT NULL,
  salt                 VARBINARY(16) NOT NULL,
  message_text         TEXT NOT NULL,
  verify_request_count INTEGER,
  verified             BOOLEAN DEFAULT FALSE,
  timestamp_created    TIMESTAMP DEFAULT CURRENT_TIMESTAMP,
  timestamp_verified   TIMESTAMP DEFAULT CURRENT_TIMESTAMP,
  timestamp_expires    TIMESTAMP DEFAULT CURRENT_TIMESTAMP
) CHARACTER SET utf8mb4 COLLATE utf8mb4_unicode_ci;

-- Table da_user_credentials stores built-in users for the data adapter
CREATE TABLE da_user_credentials (
  user_id               VARCHAR(128) PRIMARY KEY NOT NULL,
  username              VARCHAR(255) NOT NULL,
  password_hash         VARCHAR(255) NOT NULL,
  family_name           VARCHAR(255) NOT NULL,
  given_name            VARCHAR(255) NOT NULL,
  organization_id       VARCHAR(64)  NOT NULL,
  phone_number          VARCHAR(255) NOT NULL
) CHARACTER SET utf8mb4 COLLATE utf8mb4_unicode_ci;

-- Table for the list of consent currently given by a user
CREATE TABLE tpp_consent (
  consent_id            VARCHAR(64) PRIMARY KEY NOT NULL,
  consent_name          VARCHAR(128) NOT NULL,
  consent_text          TEXT NOT NULL,
  version               INT NOT NULL
) CHARACTER SET utf8mb4 COLLATE utf8mb4_unicode_ci;

-- Table for the list of changes in consent history by given user
CREATE TABLE tpp_user_consent (
  id                    INTEGER PRIMARY KEY NOT NULL AUTO_INCREMENT,
  user_id               VARCHAR(256) NOT NULL,
  client_id             VARCHAR(256) NOT NULL,
  consent_id            VARCHAR(64) NOT NULL,
  external_id           VARCHAR(256),
  consent_parameters    TEXT NOT NULL,
  timestamp_created     TIMESTAMP DEFAULT CURRENT_TIMESTAMP,
  timestamp_updated     TIMESTAMP DEFAULT CURRENT_TIMESTAMP
) CHARACTER SET utf8mb4 COLLATE utf8mb4_unicode_ci;

CREATE TABLE tpp_user_consent_history (
  id                    INTEGER PRIMARY KEY NOT NULL AUTO_INCREMENT,
  user_id               VARCHAR(256) NOT NULL,
  client_id             VARCHAR(256) NOT NULL,
  consent_id            VARCHAR(64) NOT NULL,
  consent_change        VARCHAR(16) NOT NULL,
  external_id           VARCHAR(256),
  consent_parameters    TEXT NOT NULL,
  timestamp_created     TIMESTAMP DEFAULT CURRENT_TIMESTAMP
) CHARACTER SET utf8mb4 COLLATE utf8mb4_unicode_ci;

CREATE TABLE tpp_detail (
  tpp_id                INTEGER PRIMARY KEY NOT NULL AUTO_INCREMENT,
  tpp_name              VARCHAR(256) NOT NULL,
  tpp_license           VARCHAR(256) NOT NULL,
  tpp_info              TEXT NULL,
  tpp_address           TEXT NULL,
  tpp_website           TEXT NULL,
  tpp_phone             VARCHAR(256) NULL,
  tpp_email             VARCHAR(256) NULL,
  tpp_logo              BLOB NULL
) CHARACTER SET utf8mb4 COLLATE utf8mb4_unicode_ci;

CREATE TABLE tpp_app_detail (
  tpp_id                INTEGER NOT NULL,
  app_client_id         VARCHAR(256) NOT NULL,
  app_name              VARCHAR(256) NOT NULL,
  app_info              TEXT NULL,
  app_type              VARCHAR(32) NULL,
  PRIMARY KEY (tpp_id, app_client_id),
  FOREIGN KEY tpp_detail_fk (tpp_id) REFERENCES tpp_detail (tpp_id),
  FOREIGN KEY tpp_client_secret_fk (app_client_id) REFERENCES oauth_client_details (client_id)
) CHARACTER SET utf8mb4 COLLATE utf8mb4_unicode_ci;

CREATE INDEX wf_operation_hash ON wf_operation_session (operation_hash);
CREATE INDEX wf_websocket_session ON wf_operation_session (websocket_session_id);
CREATE INDEX ns_operation_pending ON ns_operation (user_id, result);
CREATE UNIQUE INDEX ns_operation_afs_unique on ns_operation_afs (operation_id, request_afs_action, request_step_index);
CREATE INDEX wf_certificate_operation ON wf_certificate_verification (operation_id);

-- default oauth 2.0 client
-- Note: bcrypt('changeme', 12) => '$2a$12$MkYsT5igDXSDgRwyDVz1B.93h8F81E4GZJd/spy/1vhjM4CJgeed.'
INSERT INTO oauth_client_details (client_id, client_secret, scope, authorized_grant_types, web_server_redirect_uri, additional_information, autoapprove)
VALUES ('democlient', '$2a$12$MkYsT5igDXSDgRwyDVz1B.93h8F81E4GZJd/spy/1vhjM4CJgeed.', 'profile', 'authorization_code', 'http://localhost:8888/connect/demo', '{}', 'true');

-- authentication methods
INSERT INTO ns_auth_method (auth_method, order_number, check_user_prefs, user_prefs_column, user_prefs_default, check_auth_fails, max_auth_fails, has_user_interface, has_mobile_token, display_name_key)
VALUES ('INIT', 1, FALSE, NULL, NULL, FALSE, NULL, FALSE, FALSE, NULL);
INSERT INTO ns_auth_method (auth_method, order_number, check_user_prefs, user_prefs_column, user_prefs_default, check_auth_fails, max_auth_fails, has_user_interface, has_mobile_token, display_name_key)
VALUES ('USER_ID_ASSIGN', 2, FALSE, NULL, NULL, FALSE, NULL, FALSE, FALSE, NULL);
INSERT INTO ns_auth_method (auth_method, order_number, check_user_prefs, user_prefs_column, user_prefs_default, check_auth_fails, max_auth_fails, has_user_interface, has_mobile_token, display_name_key)
VALUES ('USERNAME_PASSWORD_AUTH', 3, FALSE, NULL, NULL, TRUE, 5, TRUE, FALSE, 'method.usernamePassword');
INSERT INTO ns_auth_method (auth_method, order_number, check_user_prefs, user_prefs_column, user_prefs_default, check_auth_fails, max_auth_fails, has_user_interface, has_mobile_token, display_name_key)
VALUES ('SHOW_OPERATION_DETAIL', 4, FALSE, NULL, NULL, FALSE, NULL, TRUE, FALSE, 'method.showOperationDetail');
INSERT INTO ns_auth_method (auth_method, order_number, check_user_prefs, user_prefs_column, user_prefs_default, check_auth_fails, max_auth_fails, has_user_interface, has_mobile_token, display_name_key)
VALUES ('POWERAUTH_TOKEN', 5, TRUE, 1, FALSE, TRUE, 5, TRUE, TRUE, 'method.powerauthToken');
INSERT INTO ns_auth_method (auth_method, order_number, check_user_prefs, user_prefs_column, user_prefs_default, check_auth_fails, max_auth_fails, has_user_interface, has_mobile_token, display_name_key)
VALUES ('SMS_KEY', 6, FALSE, NULL, NULL, TRUE, 5, TRUE, FALSE, 'method.smsKey');
INSERT INTO ns_auth_method (auth_method, order_number, check_user_prefs, user_prefs_column, user_prefs_default, check_auth_fails, max_auth_fails, has_user_interface, has_mobile_token, display_name_key)
VALUES ('CONSENT', 7, FALSE, NULL, NULL, TRUE, 5, TRUE, FALSE, 'method.consent');
INSERT INTO ns_auth_method (auth_method, order_number, check_user_prefs, user_prefs_column, user_prefs_default, check_auth_fails, max_auth_fails, has_user_interface, has_mobile_token, display_name_key)
VALUES ('LOGIN_SCA', 8, FALSE, NULL, NULL, TRUE, 5, TRUE, TRUE, 'method.loginSca');
INSERT INTO ns_auth_method (auth_method, order_number, check_user_prefs, user_prefs_column, user_prefs_default, check_auth_fails, max_auth_fails, has_user_interface, has_mobile_token, display_name_key)
VALUES ('APPROVAL_SCA', 9, FALSE, NULL, NULL, TRUE, 5, TRUE, TRUE, 'method.approvalSca');

-- operation configuration
INSERT INTO ns_operation_config (operation_name, template_version, template_id, mobile_token_enabled, mobile_token_mode) VALUES ('login', 'A', 2, FALSE, '{"type":"2FA","variants":["possession_knowledge","possession_biometry"]}');
INSERT INTO ns_operation_config (operation_name, template_version, template_id, mobile_token_enabled, mobile_token_mode) VALUES ('login_sca', 'A', 2, FALSE, '{"type":"2FA","variants":["possession_knowledge","possession_biometry"]}');
INSERT INTO ns_operation_config (operation_name, template_version, template_id, mobile_token_enabled, mobile_token_mode) VALUES ('authorize_payment', 'A', 1, FALSE, '{"type":"2FA","variants":["possession_knowledge","possession_biometry"]}');
INSERT INTO ns_operation_config (operation_name, template_version, template_id, mobile_token_enabled, mobile_token_mode) VALUES ('authorize_payment_sca', 'A', 1, FALSE, '{"type":"2FA","variants":["possession_knowledge","possession_biometry"]}');

-- organization configuration
INSERT INTO ns_organization (organization_id, display_name_key, is_default, order_number) VALUES ('RETAIL', 'organization.retail', TRUE, 1);
INSERT INTO ns_organization (organization_id, display_name_key, is_default, order_number) VALUES ('SME', 'organization.sme', FALSE, 2);

-- login - init operation -> CONTINUE
INSERT INTO ns_step_definition (step_definition_id, operation_name, operation_type, request_auth_method, request_auth_step_result, response_priority, response_auth_method, response_result)
VALUES (1, 'login', 'CREATE', NULL, NULL, 1, 'USER_ID_ASSIGN', 'CONTINUE');
INSERT INTO ns_step_definition (step_definition_id, operation_name, operation_type, request_auth_method, request_auth_step_result, response_priority, response_auth_method, response_result)
VALUES (2, 'login', 'CREATE', NULL, NULL, 2, 'USERNAME_PASSWORD_AUTH', 'CONTINUE');

-- login - update operation - CANCELED -> FAILED
INSERT INTO ns_step_definition (step_definition_id, operation_name, operation_type, request_auth_method, request_auth_step_result, response_priority, response_auth_method, response_result)
VALUES (3, 'login', 'UPDATE', 'INIT', 'CANCELED', 1, 'INIT', 'FAILED');

-- login - update operation - CONFIRMED -> CONTINUE
INSERT INTO ns_step_definition (step_definition_id, operation_name, operation_type, request_auth_method, request_auth_step_result, response_priority, response_auth_method, response_result)
VALUES (4, 'login', 'UPDATE', 'USER_ID_ASSIGN', 'CONFIRMED', 1, 'CONSENT', 'CONTINUE');
INSERT INTO ns_step_definition (step_definition_id, operation_name, operation_type, request_auth_method, request_auth_step_result, response_priority, response_auth_method, response_result)
VALUES (5, 'login', 'UPDATE', 'USERNAME_PASSWORD_AUTH', 'CONFIRMED', 1, 'CONSENT', 'CONTINUE');

-- login - update operation - CANCELED -> FAILED
INSERT INTO ns_step_definition (step_definition_id, operation_name, operation_type, request_auth_method, request_auth_step_result, response_priority, response_auth_method, response_result)
VALUES (6, 'login', 'UPDATE', 'USER_ID_ASSIGN', 'CANCELED', 1, NULL, 'FAILED');
INSERT INTO ns_step_definition (step_definition_id, operation_name, operation_type, request_auth_method, request_auth_step_result, response_priority, response_auth_method, response_result)
VALUES (7, 'login', 'UPDATE', 'USERNAME_PASSWORD_AUTH', 'CANCELED', 1, NULL, 'FAILED');

-- login - update operation - AUTH_METHOD_FAILED -> FAILED
INSERT INTO ns_step_definition (step_definition_id, operation_name, operation_type, request_auth_method, request_auth_step_result, response_priority, response_auth_method, response_result)
VALUES (8, 'login', 'UPDATE', 'USER_ID_ASSIGN', 'AUTH_METHOD_FAILED', 1, NULL, 'FAILED');
INSERT INTO ns_step_definition (step_definition_id, operation_name, operation_type, request_auth_method, request_auth_step_result, response_priority, response_auth_method, response_result)
VALUES (9, 'login', 'UPDATE', 'USERNAME_PASSWORD_AUTH', 'AUTH_METHOD_FAILED', 1, NULL, 'FAILED');

-- login - update operation - AUTH_FAILED -> CONTINUE
INSERT INTO ns_step_definition (step_definition_id, operation_name, operation_type, request_auth_method, request_auth_step_result, response_priority, response_auth_method, response_result)
VALUES (11, 'login', 'UPDATE', 'USER_ID_ASSIGN', 'AUTH_FAILED', 1, 'USER_ID_ASSIGN', 'CONTINUE');
INSERT INTO ns_step_definition (step_definition_id, operation_name, operation_type, request_auth_method, request_auth_step_result, response_priority, response_auth_method, response_result)
VALUES (12, 'login', 'UPDATE', 'USERNAME_PASSWORD_AUTH', 'AUTH_FAILED', 1, 'USERNAME_PASSWORD_AUTH', 'CONTINUE');

-- login - update operation (consent) - CONFIRMED -> DONE
INSERT INTO ns_step_definition (step_definition_id, operation_name, operation_type, request_auth_method, request_auth_step_result, response_priority, response_auth_method, response_result)
VALUES (13, 'login', 'UPDATE', 'CONSENT', 'CONFIRMED', 1, NULL, 'DONE');

-- login - update operation (consent) - CANCELED -> FAILED
INSERT INTO ns_step_definition (step_definition_id, operation_name, operation_type, request_auth_method, request_auth_step_result, response_priority, response_auth_method, response_result)
VALUES (14, 'login', 'UPDATE', 'CONSENT', 'CANCELED', 1, NULL, 'FAILED');

-- login - update operation (consent) - AUTH_METHOD_FAILED -> FAILED
INSERT INTO ns_step_definition (step_definition_id, operation_name, operation_type, request_auth_method, request_auth_step_result, response_priority, response_auth_method, response_result)
VALUES (15, 'login', 'UPDATE', 'CONSENT', 'AUTH_METHOD_FAILED', 1, NULL, 'FAILED');

-- login - update operation (consent) - AUTH_FAILED -> FAILED
INSERT INTO ns_step_definition (step_definition_id, operation_name, operation_type, request_auth_method, request_auth_step_result, response_priority, response_auth_method, response_result)
VALUES (16, 'login', 'UPDATE', 'CONSENT', 'AUTH_FAILED', 1, 'CONSENT', 'CONTINUE');

-- authorize_payment - init operation -> CONTINUE
INSERT INTO ns_step_definition (step_definition_id, operation_name, operation_type, request_auth_method, request_auth_step_result, response_priority, response_auth_method, response_result)
VALUES (17, 'authorize_payment', 'CREATE', NULL, NULL, 1, 'USER_ID_ASSIGN', 'CONTINUE');
INSERT INTO ns_step_definition (step_definition_id, operation_name, operation_type, request_auth_method, request_auth_step_result, response_priority, response_auth_method, response_result)
VALUES (18, 'authorize_payment', 'CREATE', NULL, NULL, 2, 'USERNAME_PASSWORD_AUTH', 'CONTINUE');

-- authorize_payment - update operation - CANCELED -> FAILED
INSERT INTO ns_step_definition (step_definition_id, operation_name, operation_type, request_auth_method, request_auth_step_result, response_priority, response_auth_method, response_result)
VALUES (19, 'authorize_payment', 'UPDATE', 'INIT', 'CANCELED', 1, 'INIT', 'FAILED');

-- authorize_payment - update operation (login) - CONFIRMED -> CONTINUE
INSERT INTO ns_step_definition (step_definition_id, operation_name, operation_type, request_auth_method, request_auth_step_result, response_priority, response_auth_method, response_result)
VALUES (20, 'authorize_payment', 'UPDATE', 'USER_ID_ASSIGN', 'CONFIRMED', 1, 'POWERAUTH_TOKEN', 'CONTINUE');
INSERT INTO ns_step_definition (step_definition_id, operation_name, operation_type, request_auth_method, request_auth_step_result, response_priority, response_auth_method, response_result)
VALUES (21, 'authorize_payment', 'UPDATE', 'USER_ID_ASSIGN', 'CONFIRMED', 2, 'SMS_KEY', 'CONTINUE');

INSERT INTO ns_step_definition (step_definition_id, operation_name, operation_type, request_auth_method, request_auth_step_result, response_priority, response_auth_method, response_result)
VALUES (22, 'authorize_payment', 'UPDATE', 'USERNAME_PASSWORD_AUTH', 'CONFIRMED', 1, 'POWERAUTH_TOKEN', 'CONTINUE');
INSERT INTO ns_step_definition (step_definition_id, operation_name, operation_type, request_auth_method, request_auth_step_result, response_priority, response_auth_method, response_result)
VALUES (23, 'authorize_payment', 'UPDATE', 'USERNAME_PASSWORD_AUTH', 'CONFIRMED', 2, 'SMS_KEY', 'CONTINUE');

-- authorize_payment - update operation (login) - CANCELED -> FAILED
INSERT INTO ns_step_definition (step_definition_id, operation_name, operation_type, request_auth_method, request_auth_step_result, response_priority, response_auth_method, response_result)
VALUES (24, 'authorize_payment', 'UPDATE', 'USER_ID_ASSIGN', 'CANCELED', 1, NULL, 'FAILED');
INSERT INTO ns_step_definition (step_definition_id, operation_name, operation_type, request_auth_method, request_auth_step_result, response_priority, response_auth_method, response_result)
VALUES (25, 'authorize_payment', 'UPDATE', 'USERNAME_PASSWORD_AUTH', 'CANCELED', 1, NULL, 'FAILED');

-- authorize_payment - update operation (login) - AUTH_METHOD_FAILED -> FAILED
INSERT INTO ns_step_definition (step_definition_id, operation_name, operation_type, request_auth_method, request_auth_step_result, response_priority, response_auth_method, response_result)
VALUES (26, 'authorize_payment', 'UPDATE', 'USER_ID_ASSIGN', 'AUTH_METHOD_FAILED', 1, NULL, 'FAILED');
INSERT INTO ns_step_definition (step_definition_id, operation_name, operation_type, request_auth_method, request_auth_step_result, response_priority, response_auth_method, response_result)
VALUES (27, 'authorize_payment', 'UPDATE', 'USERNAME_PASSWORD_AUTH', 'AUTH_METHOD_FAILED', 1, NULL, 'FAILED');

-- authorize_payment - update operation (login) - AUTH_FAILED -> CONTINUE
INSERT INTO ns_step_definition (step_definition_id, operation_name, operation_type, request_auth_method, request_auth_step_result, response_priority, response_auth_method, response_result)
VALUES (28, 'authorize_payment', 'UPDATE', 'USER_ID_ASSIGN', 'AUTH_FAILED', 1, 'USER_ID_ASSIGN', 'CONTINUE');
INSERT INTO ns_step_definition (step_definition_id, operation_name, operation_type, request_auth_method, request_auth_step_result, response_priority, response_auth_method, response_result)
VALUES (29, 'authorize_payment', 'UPDATE', 'USERNAME_PASSWORD_AUTH', 'AUTH_FAILED', 1, 'USERNAME_PASSWORD_AUTH', 'CONTINUE');

-- authorize_payment - update operation (authorize using mobile token) - CONFIRMED -> CONTINUE
INSERT INTO ns_step_definition (step_definition_id, operation_name, operation_type, request_auth_method, request_auth_step_result, response_priority, response_auth_method, response_result)
VALUES (30, 'authorize_payment', 'UPDATE', 'POWERAUTH_TOKEN', 'CONFIRMED', 1, 'CONSENT', 'CONTINUE');

-- authorize_payment - update operation (authorize using mobile token) - CANCELED -> FAILED
INSERT INTO ns_step_definition (step_definition_id, operation_name, operation_type, request_auth_method, request_auth_step_result, response_priority, response_auth_method, response_result)
VALUES (31, 'authorize_payment', 'UPDATE', 'POWERAUTH_TOKEN', 'CANCELED', 1, NULL, 'FAILED');

-- authorize_payment - update operation (authorize using mobile token) - AUTH_METHOD_FAILED -> FAILED
INSERT INTO ns_step_definition (step_definition_id, operation_name, operation_type, request_auth_method, request_auth_step_result, response_priority, response_auth_method, response_result)
VALUES (32, 'authorize_payment', 'UPDATE', 'POWERAUTH_TOKEN', 'AUTH_METHOD_FAILED', 1, NULL, 'FAILED');

-- authorize_payment - update operation (authorize using mobile token) - AUTH_FAILED -> CONTINUE
INSERT INTO ns_step_definition (step_definition_id, operation_name, operation_type, request_auth_method, request_auth_step_result, response_priority, response_auth_method, response_result)
VALUES (33, 'authorize_payment', 'UPDATE', 'POWERAUTH_TOKEN', 'AUTH_FAILED', 1, 'POWERAUTH_TOKEN', 'CONTINUE');

-- authorize_payment - update operation (authorize using sms key) - CONFIRMED -> CONTINUE
INSERT INTO ns_step_definition (step_definition_id, operation_name, operation_type, request_auth_method, request_auth_step_result, response_priority, response_auth_method, response_result)
VALUES (34, 'authorize_payment', 'UPDATE', 'SMS_KEY', 'CONFIRMED', 1, 'CONSENT', 'CONTINUE');

-- authorize_payment - update operation (authorize using sms key) - CANCELED -> FAILED
INSERT INTO ns_step_definition (step_definition_id, operation_name, operation_type, request_auth_method, request_auth_step_result, response_priority, response_auth_method, response_result)
VALUES (35, 'authorize_payment', 'UPDATE', 'SMS_KEY', 'CANCELED', 1, NULL, 'FAILED');

-- authorize_payment - update operation (authorize using sms key) - AUTH_METHOD_FAILED -> FAILED
INSERT INTO ns_step_definition (step_definition_id, operation_name, operation_type, request_auth_method, request_auth_step_result, response_priority, response_auth_method, response_result)
VALUES (36, 'authorize_payment', 'UPDATE', 'SMS_KEY', 'AUTH_METHOD_FAILED', 1, NULL, 'FAILED');

-- authorize_payment - update operation (authorize using sms key) - AUTH_FAILED -> CONTINUE
INSERT INTO ns_step_definition (step_definition_id, operation_name, operation_type, request_auth_method, request_auth_step_result, response_priority, response_auth_method, response_result)
VALUES (37, 'authorize_payment', 'UPDATE', 'SMS_KEY', 'AUTH_FAILED', 1, 'SMS_KEY', 'CONTINUE');

-- authorize_payment - update operation (consent) - CONFIRMED -> DONE
INSERT INTO ns_step_definition (step_definition_id, operation_name, operation_type, request_auth_method, request_auth_step_result, response_priority, response_auth_method, response_result)
VALUES (38, 'authorize_payment', 'UPDATE', 'CONSENT', 'CONFIRMED', 1, NULL, 'DONE');

-- authorize_payment - update operation (consent) - CANCELED -> FAILED
INSERT INTO ns_step_definition (step_definition_id, operation_name, operation_type, request_auth_method, request_auth_step_result, response_priority, response_auth_method, response_result)
VALUES (39, 'authorize_payment', 'UPDATE', 'CONSENT', 'CANCELED', 1, NULL, 'FAILED');

-- authorize_payment - update operation (consent) - AUTH_METHOD_FAILED -> FAILED
INSERT INTO ns_step_definition (step_definition_id, operation_name, operation_type, request_auth_method, request_auth_step_result, response_priority, response_auth_method, response_result)
VALUES (40, 'authorize_payment', 'UPDATE', 'CONSENT', 'AUTH_METHOD_FAILED', 1, NULL, 'FAILED');

-- authorize_payment - update operation (consent) - AUTH_FAILED -> CONTINUE
INSERT INTO ns_step_definition (step_definition_id, operation_name, operation_type, request_auth_method, request_auth_step_result, response_priority, response_auth_method, response_result)
VALUES (41, 'authorize_payment', 'UPDATE', 'CONSENT', 'AUTH_FAILED', 1, 'CONSENT', 'CONTINUE');

-- login_sca - init operation -> CONTINUE
INSERT INTO ns_step_definition (step_definition_id, operation_name, operation_type, request_auth_method, request_auth_step_result, response_priority, response_auth_method, response_result)
VALUES (42, 'login_sca', 'CREATE', NULL, NULL, 1, 'LOGIN_SCA', 'CONTINUE');

-- login_sca - update operation - CANCELED -> FAILED
INSERT INTO ns_step_definition (step_definition_id, operation_name, operation_type, request_auth_method, request_auth_step_result, response_priority, response_auth_method, response_result)
VALUES (43, 'login_sca', 'UPDATE', 'INIT', 'CANCELED', 1, 'INIT', 'FAILED');

-- login_sca - update operation (login) - CONFIRMED -> CONTINUE
INSERT INTO ns_step_definition (step_definition_id, operation_name, operation_type, request_auth_method, request_auth_step_result, response_priority, response_auth_method, response_result)
VALUES (44, 'login_sca', 'UPDATE', 'LOGIN_SCA', 'CONFIRMED', 1, 'CONSENT', 'CONTINUE');

-- login_sca - update operation (login) - CANCELED -> FAILED
INSERT INTO ns_step_definition (step_definition_id, operation_name, operation_type, request_auth_method, request_auth_step_result, response_priority, response_auth_method, response_result)
VALUES (45, 'login_sca', 'UPDATE', 'LOGIN_SCA', 'CANCELED', 1, NULL, 'FAILED');

-- login_sca - update operation (login) - AUTH_METHOD_FAILED -> FAILED
INSERT INTO ns_step_definition (step_definition_id, operation_name, operation_type, request_auth_method, request_auth_step_result, response_priority, response_auth_method, response_result)
VALUES (46, 'login_sca', 'UPDATE', 'LOGIN_SCA', 'AUTH_METHOD_FAILED', 1, NULL, 'FAILED');

-- login_sca - update operation (login) - AUTH_FAILED -> CONTINUE
INSERT INTO ns_step_definition (step_definition_id, operation_name, operation_type, request_auth_method, request_auth_step_result, response_priority, response_auth_method, response_result)
VALUES (47, 'login_sca', 'UPDATE', 'LOGIN_SCA', 'AUTH_FAILED', 1, 'LOGIN_SCA', 'CONTINUE');

-- login_sca - update operation (consent) - CONFIRMED -> DONE
INSERT INTO ns_step_definition (step_definition_id, operation_name, operation_type, request_auth_method, request_auth_step_result, response_priority, response_auth_method, response_result)
VALUES (48, 'login_sca', 'UPDATE', 'CONSENT', 'CONFIRMED', 1, NULL, 'DONE');

-- login_sca - update operation (consent) - CANCELED -> FAILED
INSERT INTO ns_step_definition (step_definition_id, operation_name, operation_type, request_auth_method, request_auth_step_result, response_priority, response_auth_method, response_result)
VALUES (49, 'login_sca', 'UPDATE', 'CONSENT', 'CANCELED', 1, NULL, 'FAILED');

-- login_sca - update operation (consent) - AUTH_METHOD_FAILED -> FAILED
INSERT INTO ns_step_definition (step_definition_id, operation_name, operation_type, request_auth_method, request_auth_step_result, response_priority, response_auth_method, response_result)
VALUES (50, 'login_sca', 'UPDATE', 'CONSENT', 'AUTH_METHOD_FAILED', 1, NULL, 'FAILED');

-- login_sca - update operation (consent) - AUTH_FAILED -> CONTINUE
INSERT INTO ns_step_definition (step_definition_id, operation_name, operation_type, request_auth_method, request_auth_step_result, response_priority, response_auth_method, response_result)
VALUES (51, 'login_sca', 'UPDATE', 'CONSENT', 'AUTH_FAILED', 1, 'CONSENT', 'CONTINUE');

-- authorize_payment_sca - init operation -> CONTINUE
INSERT INTO ns_step_definition (step_definition_id, operation_name, operation_type, request_auth_method, request_auth_step_result, response_priority, response_auth_method, response_result)
VALUES (52, 'authorize_payment_sca', 'CREATE', NULL, NULL, 1, 'LOGIN_SCA', 'CONTINUE');

-- authorize_payment_sca - update operation - CANCELED -> FAILED
INSERT INTO ns_step_definition (step_definition_id, operation_name, operation_type, request_auth_method, request_auth_step_result, response_priority, response_auth_method, response_result)
VALUES (53, 'authorize_payment_sca', 'UPDATE', 'INIT', 'CANCELED', 1, 'INIT', 'FAILED');

-- authorize_payment_sca - update operation (login) - CONFIRMED -> CONTINUE
INSERT INTO ns_step_definition (step_definition_id, operation_name, operation_type, request_auth_method, request_auth_step_result, response_priority, response_auth_method, response_result)
VALUES (54, 'authorize_payment_sca', 'UPDATE', 'LOGIN_SCA', 'CONFIRMED', 1, 'APPROVAL_SCA', 'CONTINUE');

-- authorize_payment_sca - update operation (login) - CANCELED -> FAILED
INSERT INTO ns_step_definition (step_definition_id, operation_name, operation_type, request_auth_method, request_auth_step_result, response_priority, response_auth_method, response_result)
VALUES (55, 'authorize_payment_sca', 'UPDATE', 'LOGIN_SCA', 'CANCELED', 1, NULL, 'FAILED');

-- authorize_payment_sca - update operation (login) - AUTH_METHOD_FAILED -> FAILED
INSERT INTO ns_step_definition (step_definition_id, operation_name, operation_type, request_auth_method, request_auth_step_result, response_priority, response_auth_method, response_result)
VALUES (56, 'authorize_payment_sca', 'UPDATE', 'LOGIN_SCA', 'AUTH_METHOD_FAILED', 1, NULL, 'FAILED');

-- authorize_payment_sca - update operation (login) - AUTH_FAILED -> CONTINUE
INSERT INTO ns_step_definition (step_definition_id, operation_name, operation_type, request_auth_method, request_auth_step_result, response_priority, response_auth_method, response_result)
VALUES (57, 'authorize_payment_sca', 'UPDATE', 'LOGIN_SCA', 'AUTH_FAILED', 1, 'LOGIN_SCA', 'CONTINUE');

-- authorize_payment_sca - update operation (approval) - CONFIRMED -> DONE
INSERT INTO ns_step_definition (step_definition_id, operation_name, operation_type, request_auth_method, request_auth_step_result, response_priority, response_auth_method, response_result)
VALUES (58, 'authorize_payment_sca', 'UPDATE', 'APPROVAL_SCA', 'CONFIRMED', 1, 'CONSENT', 'CONTINUE');

-- authorize_payment_sca - update operation (approval) - CANCELED -> FAILED
INSERT INTO ns_step_definition (step_definition_id, operation_name, operation_type, request_auth_method, request_auth_step_result, response_priority, response_auth_method, response_result)
VALUES (59, 'authorize_payment_sca', 'UPDATE', 'APPROVAL_SCA', 'CANCELED', 1, NULL, 'FAILED');

-- authorize_payment_sca - update operation (approval) - AUTH_METHOD_FAILED -> FAILED
INSERT INTO ns_step_definition (step_definition_id, operation_name, operation_type, request_auth_method, request_auth_step_result, response_priority, response_auth_method, response_result)
VALUES (60, 'authorize_payment_sca', 'UPDATE', 'APPROVAL_SCA', 'AUTH_METHOD_FAILED', 1, NULL, 'FAILED');

-- authorize_payment_sca - update operation (approval) - AUTH_FAILED -> CONTINUE
INSERT INTO ns_step_definition (step_definition_id, operation_name, operation_type, request_auth_method, request_auth_step_result, response_priority, response_auth_method, response_result)
VALUES (61, 'authorize_payment_sca', 'UPDATE', 'APPROVAL_SCA', 'AUTH_FAILED', 1, 'APPROVAL_SCA', 'CONTINUE');

-- authorize_payment_sca - update operation (consent) - CONFIRMED -> DONE
INSERT INTO ns_step_definition (step_definition_id, operation_name, operation_type, request_auth_method, request_auth_step_result, response_priority, response_auth_method, response_result)
VALUES (62, 'authorize_payment_sca', 'UPDATE', 'CONSENT', 'CONFIRMED', 1, NULL, 'DONE');

-- authorize_payment_sca - update operation (consent) - CANCELED -> FAILED
INSERT INTO ns_step_definition (step_definition_id, operation_name, operation_type, request_auth_method, request_auth_step_result, response_priority, response_auth_method, response_result)
VALUES (63, 'authorize_payment_sca', 'UPDATE', 'CONSENT', 'CANCELED', 1, NULL, 'FAILED');

-- authorize_payment_sca - update operation (consent) - AUTH_METHOD_FAILED -> FAILED
INSERT INTO ns_step_definition (step_definition_id, operation_name, operation_type, request_auth_method, request_auth_step_result, response_priority, response_auth_method, response_result)
VALUES (64, 'authorize_payment_sca', 'UPDATE', 'CONSENT', 'AUTH_METHOD_FAILED', 1, NULL, 'FAILED');

-- authorize_payment_sca - update operation (consent) - AUTH_FAILED -> CONTINUE
INSERT INTO ns_step_definition (step_definition_id, operation_name, operation_type, request_auth_method, request_auth_step_result, response_priority, response_auth_method, response_result)
VALUES (65, 'authorize_payment_sca', 'UPDATE', 'CONSENT', 'AUTH_FAILED', 1, 'CONSENT', 'CONTINUE');

-- authorize_payment_sca - init operation -> CONTINUE
INSERT INTO ns_step_definition (step_definition_id, operation_name, operation_type, request_auth_method, request_auth_step_result, response_priority, response_auth_method, response_result)
VALUES (66, 'authorize_payment_sca', 'CREATE', null, null, 1, 'USER_ID_ASSIGN', 'CONTINUE');

-- authorize_payment_sca - update operation (user ID assignment) - CONFIRMED -> CONTINUE
INSERT INTO ns_step_definition (step_definition_id, operation_name, operation_type, request_auth_method, request_auth_step_result, response_priority, response_auth_method, response_result)
VALUES (67, 'authorize_payment_sca', 'UPDATE', 'USER_ID_ASSIGN', 'CONFIRMED', 1, 'APPROVAL_SCA', 'CONTINUE');

-- authorize_payment_sca - update operation (user ID assignment) - CANCELED -> FAILED
INSERT INTO ns_step_definition (step_definition_id, operation_name, operation_type, request_auth_method, request_auth_step_result, response_priority, response_auth_method, response_result)
VALUES (68, 'authorize_payment_sca', 'UPDATE', 'USER_ID_ASSIGN', 'CANCELED', 1, null, 'FAILED');

-- authorize_payment_sca - update operation (user ID assignment) - AUTH_METHOD_FAILED -> FAILED
INSERT INTO ns_step_definition (step_definition_id, operation_name, operation_type, request_auth_method, request_auth_step_result, response_priority, response_auth_method, response_result)
VALUES (69, 'authorize_payment_sca', 'UPDATE', 'USER_ID_ASSIGN', 'AUTH_METHOD_FAILED', 1, null, 'FAILED');

-- authorize_payment_sca - update operation (user ID assignment) - AUTH_FAILED -> FAILED
INSERT INTO ns_step_definition (step_definition_id, operation_name, operation_type, request_auth_method, request_auth_step_result, response_priority, response_auth_method, response_result)
VALUES (70, 'authorize_payment_sca', 'UPDATE', 'USER_ID_ASSIGN', 'AUTH_FAILED', 1, null, 'FAILED');